{"ANN": 97.78571428571429, "CNN": 97.71428571428571, "LSTM": 98.02380952380952, "GRU": 98.02380952380952, "Transformer": 98.5, "ResidualMLP": 98.30952380952381, "Hybrid_CNNLSTM": 97.83333333333334}